img,price,store_name
https://s.ek.ua/jpg/2014143.jpg,16107.0,Avic.ua
https://s.ek.ua/jpg/1068493.jpg,4555.0,АЛЛО
https://s.ek.ua/jpg/2177518.jpg,14799.0,АЛЛО
https://s.ek.ua/jpg/1979717.jpg,8749.0,Techua.shop
https://s.ek.ua/jpg/1761656.jpg,20127.0,Luxmedia.com.ua
https://s.ek.ua/jpg/1737554.jpg,14999.0,АЛЛО
https://s.ek.ua/jpg/1734917.jpg,1699.0,АЛЛО
https://s.ek.ua/jpg/1033565.jpg,3199.0,АЛЛО
https://s.ek.ua/jpg/2076580.jpg,26999.0,Avic.ua
https://s.ek.ua/jpg/790079.jpg,4957.0,Avic.ua
https://s.ek.ua/jpg/2122155.jpg,5399.0,АЛЛО
https://s.ek.ua/jpg/1467610.jpg,5799.0,Moyo.ua
https://s.ek.ua/jpg/2205491.jpg,22999.0,АЛЛО
https://s.ek.ua/jpg/1778442.jpg,10367.0,click24.biz
https://s.ek.ua/jpg/2383689.jpg,1838.0,Redprice.prom.ua
https://s.ek.ua/jpg/1964441.jpg,5499.0,АЛЛО
https://s.ek.ua/jpg/1788507.jpg,10999.0,АЛЛО
https://s.ek.ua/jpg/2211168.jpg,9999.0,АЛЛО
https://s.ek.ua/jpg/1031257.jpg,5199.0,АЛЛО
https://s.ek.ua/jpg/2091185.jpg,14348.0,Avic.ua
https://s.ek.ua/jpg/1549778.jpg,8799.0,АЛЛО
https://s.ek.ua/jpg/1820108.jpg,20999.0,АЛЛО
https://s.ek.ua/jpg/2098903.jpg,15999.0,FOXTROT.UA
https://s.ek.ua/jpg/2235160.jpg,3999.0,АЛЛО
https://s.ek.ua/jpg/485251.jpg,9480.0,Avic.ua
https://s.ek.ua/jpg/2266505.jpg,2864.0,Avic.ua
https://s.ek.ua/jpg/1375100.jpg,4999.0,АЛЛО
https://s.ek.ua/jpg/1833685.jpg,22499.0,АЛЛО
https://s.ek.ua/jpg/1289698.jpg,3799.0,АЛЛО
https://s.ek.ua/jpg/2205453.jpg,25999.0,АЛЛО
https://s.ek.ua/jpg/2328346.jpg,13999.0,FOXTROT.UA
https://s.ek.ua/jpg/2334128.jpg,41255.0,Avic.ua
https://s.ek.ua/jpg/1901358.jpg,11999.0,АЛЛО
https://s.ek.ua/jpg/2129909.jpg,7919.0,Avic.ua
https://s.ek.ua/jpg/2236530.jpg,34999.0,АЛЛО
https://s.ek.ua/jpg/2211173.jpg,6999.0,АЛЛО
https://s.ek.ua/jpg/2234776.jpg,2838.0,FOXTROT.UA
https://s.ek.ua/jpg/1936483.jpg,11899.0,Stylus.ua
https://s.ek.ua/jpg/1823421.jpg,1499.0,АЛЛО
https://s.ek.ua/jpg/2433843.jpg,14999.0,АЛЛО
https://s.ek.ua/jpg/734434.jpg,3891.0,Avic.ua
https://s.ek.ua/jpg/1979985.jpg,15370.0,Avic.ua
https://s.ek.ua/jpg/1662357.jpg,7699.0,АЛЛО
https://s.ek.ua/jpg/2444363.jpg,29999.0,АЛЛО
https://s.ek.ua/jpg/1943418.jpg,11176.0,FOXTROT.UA
https://s.ek.ua/jpg/1676099.jpg,3135.0,Denika.ua
https://s.ek.ua/jpg/2360702.jpg,54746.0,Avic.ua
https://s.ek.ua/jpg/81777.jpg,7799.0,Megadom.biz
https://s.ek.ua/jpg/1811182.jpg,12528.0,Avic.ua
https://s.ek.ua/jpg/1033424.jpg,3599.0,АЛЛО
https://s.ek.ua/jpg/1841943.jpg,9288.0,Avic.ua
https://s.ek.ua/jpg/955958.jpg,9599.0,АЛЛО
https://s.ek.ua/jpg/2375860.jpg,1799.0,АЛЛО
https://s.ek.ua/jpg/2205510.jpg,27695.0,Avic.ua
https://s.ek.ua/jpg/1356272.jpg,6999.0,АЛЛО
https://s.ek.ua/jpg/2129209.jpg,9105.0,Smartmag.biz.ua
https://s.ek.ua/jpg/2451832.jpg,5499.0,АЛЛО
https://s.ek.ua/jpg/2076553.jpg,24440.0,Avic.ua
https://s.ek.ua/jpg/1519673.jpg,3399.0,АЛЛО
https://s.ek.ua/jpg/2234631.jpg,3999.0,АЛЛО
https://s.ek.ua/jpg/1339170.jpg,8999.0,АЛЛО
https://s.ek.ua/jpg/2122197.jpg,4399.0,АЛЛО
https://s.ek.ua/jpg/1410820.jpg,4599.0,АЛЛО
https://s.ek.ua/jpg/1033180.jpg,8299.0,АЛЛО
https://s.ek.ua/jpg/1979729.jpg,17316.0,Avic.ua
https://s.ek.ua/jpg/2334866.jpg,35203.0,Avic.ua
https://s.ek.ua/jpg/637505.jpg,6850.0,M-online.kiev.ua
https://s.ek.ua/jpg/1658226.jpg,8699.0,АЛЛО
https://s.ek.ua/jpg/774591.jpg,8879.0,АЛЛО
https://s.ek.ua/jpg/2206465.jpg,16999.0,АЛЛО
https://s.ek.ua/jpg/2233503.jpg,15774.0,Цифра
https://s.ek.ua/jpg/765055.jpg,11663.0,Avic.ua
https://s.ek.ua/jpg/1677000.jpg,9252.0,FOXTROT.UA
https://s.ek.ua/jpg/1864212.jpg,3670.0,FOXTROT.UA
https://s.ek.ua/jpg/157602.jpg,15699.0,Tools.net.ua
https://s.ek.ua/jpg/1354174.jpg,5399.0,АЛЛО
https://s.ek.ua/jpg/985472.jpg,4531.0,Avic.ua
https://s.ek.ua/jpg/1459544.jpg,8999.0,АЛЛО
https://s.ek.ua/jpg/1943423.jpg,8999.0,FOXTROT.UA
https://s.ek.ua/jpg/2328372.jpg,9499.0,FOXTROT.UA
https://s.ek.ua/jpg/2047070.jpg,23674.0,Smartmag.biz.ua
https://s.ek.ua/jpg/1638944.jpg,5299.0,АЛЛО
https://s.ek.ua/jpg/1586061.jpg,9999.0,Vodafone.ua
https://s.ek.ua/jpg/1811796.jpg,3499.0,АЛЛО
https://s.ek.ua/jpg/2234622.jpg,14999.0,FOXTROT.UA
https://s.ek.ua/jpg/1847826.jpg,7999.0,АЛЛО
https://s.ek.ua/jpg/1618856.jpg,16111.0,АЛЛО
https://s.ek.ua/jpg/2050785.jpg,13684.0,Avic.ua
https://s.ek.ua/jpg/1903895.jpg,3685.0,Avic.ua
https://s.ek.ua/jpg/2279808.jpg,32588.0,Avic.ua
https://s.ek.ua/jpg/642261.jpg,2399.0,АЛЛО
https://s.ek.ua/jpg/2234640.jpg,15267.0,Smartmag.biz.ua
https://s.ek.ua/jpg/1389347.jpg,8449.0,АЛЛО
https://s.ek.ua/jpg/1909311.jpg,9999.0,АЛЛО
https://s.ek.ua/jpg/1821665.jpg,17228.0,Smartmag.biz.ua
https://s.ek.ua/jpg/31901.jpg,7269.0,АЛЛО
https://s.ek.ua/jpg/1011429.jpg,4850.0,Avic.ua
https://s.ek.ua/jpg/1374779.jpg,15542.0,Avic.ua
https://s.ek.ua/jpg/2097591.jpg,19999.0,АЛЛО
https://s.ek.ua/jpg/2200026.jpg,2660.0,Foroom.com.ua
https://s.ek.ua/jpg/1172445.jpg,7819.0,АЛЛО
https://s.ek.ua/jpg/1850495.jpg,9999.0,FOXTROT.UA
https://s.ek.ua/jpg/1227910.jpg,6499.0,АЛЛО
https://s.ek.ua/jpg/1290474.jpg,8677.0,Foroom.com.ua
https://s.ek.ua/jpg/1677862.jpg,9990.0,Megadom.biz
https://s.ek.ua/jpg/1235953.jpg,4568.0,Avic.ua
https://s.ek.ua/jpg/2050982.jpg,12999.0,FOXTROT.UA
https://s.ek.ua/jpg/2287939.jpg,15690.0,Avic.ua
https://s.ek.ua/jpg/2359987.jpg,12999.0,Moyo.ua
https://s.ek.ua/jpg/1118108.jpg,5879.0,АЛЛО
https://s.ek.ua/jpg/90228.jpg,4262.0,Avic.ua
https://s.ek.ua/jpg/2067199.jpg,3999.0,АЛЛО
https://s.ek.ua/jpg/1908008.jpg,1699.0,Techua.shop
https://s.ek.ua/jpg/2078571.jpg,12599.0,Protsyk.net
https://s.ek.ua/jpg/1841941.jpg,9529.0,FOXTROT.UA
https://s.ek.ua/jpg/1999405.jpg,2299.0,АЛЛО
https://s.ek.ua/jpg/2361637.jpg,26999.0,Ktc.ua
https://s.ek.ua/jpg/2266254.jpg,3849.0,АЛЛО
https://s.ek.ua/jpg/2079183.jpg,21866.0,Цифра
https://s.ek.ua/jpg/2423879.jpg,21999.0,FOXTROT.UA
